20,20,20,20,20,20,20,20,20,20,20,20,20,20,20,20,20,20,20,20,20,20,20,20,20,20,20,20,20,20,20,20,20,20,20,20,20,20,20,20,20,20,20,20,20,20,20,20,20,20,20
19.98,19.98105218,19.98158006,19.98203554,19.98244658,19.98285761,19.98326864,19.98367968,19.98409071,19.98460812,19.98512554,19.98564295,19.98616037,19.98667778,19.98746244,19.98824709,19.98903174,19.98981639,19.99060104,19.99164487,19.99277508,19.99399169,19.99529468,19.99668407,19.99837044,20.00021339,20.00221293,20.00436906,20.00668177,20.00948004,20.01254455,20.0158753,20.0194723,20.02333554,20.0279876,20.0330801,20.03861303,20.0445864,20.0510002,20.05848752,20.0667606,20.07587698,20.08589422,20.09686987,20.10930042,20.12304391,20.1381978,20.15485954,20.17312658,20.19353495,20.21626981
19.96,19.96203402,19.96309385,19.96400041,19.96481583,19.96563126,19.96644669,19.96726211,19.96807754,19.96910126,19.97012499,19.97114871,19.97217243,19.97319615,19.97474694,19.97629773,19.97784852,19.9793993,19.98095009,19.98301135,19.98524277,19.98764434,19.99021607,19.99295795,19.99628656,19.99992417,20.00387079,20.00812643,20.01269107,20.01821215,20.02425804,20.03082875,20.03792428,20.04554463,20.05471642,20.06475525,20.07566111,20.08743399,20.1000739,20.11481308,20.13109141,20.14902092,20.16871363,20.19028155,20.21469164,20.2416673,20.27139828,20.30407432,20.33988517,20.3798408,20.42429501
19.94,19.94295017,19.9445431,19.94589622,19.94710935,19.94832249,19.94953563,19.95074877,19.95196191,19.95348091,19.95499992,19.95651892,19.95803793,19.95955694,19.96185557,19.9641542,19.96645283,19.96875146,19.97105009,19.97410281,19.9774069,19.98096234,19.98476916,19.98882733,19.99375481,19.99913963,20.00498179,20.01128129,20.01803814,20.02620801,20.0351538,20.04487549,20.05537308,20.06664658,20.08020884,20.09505128,20.11117392,20.12857675,20.14725977,20.16902262,20.19304729,20.21949738,20.24853649,20.28032823,20.31628594,20.35600516,20.39976312,20.44783702,20.50050409,20.55919485,20.6244172
19.92,19.92380498,19.92592957,19.92772459,19.92932871,19.93093282,19.93253694,19.93414106,19.93574518,19.93774853,19.93975188,19.94175523,19.94375858,19.94576194,19.94879033,19.95181872,19.95484711,19.9578755,19.96090388,19.9649225,19.96927119,19.97394996,19.9789588,19.98429772,19.99078145,19.99786682,20.00555385,20.01384253,20.02273286,20.03347893,20.04524468,20.05803011,20.07183523,20.08666002,20.10448639,20.12399307,20.14518005,20.16804735,20.19259496,20.22116021,20.25268067,20.28736883,20.32543718,20.36709819,20.41418938,20.46618459,20.52344402,20.58632789,20.65519642,20.73185463,20.81695169
19.9,19.90460253,19.90725509,19.90948712,19.91147543,19.91346375,19.91545207,19.91744038,19.9194287,19.92190554,19.92438238,19.92685922,19.92933605,19.93181289,19.93555316,19.93929344,19.94303371,19.94677398,19.95051425,19.95547358,19.96083927,19.96661131,19.97278971,19.97937446,19.98737252,19.99611258,20.00559465,20.01581873,20.02678481,20.04003582,20.05454314,20.07030676,20.0873267,20.10560296,20.12756987,20.15160455,20.177707,20.2058772,20.23611517,20.27126803,20.31004164,20.35269481,20.39948639,20.4506752,20.50850223,20.57232533,20.64258352,20.71971582,20.80416128,20.89805963,21.00219006
19.88,19.8853466,19.88852149,19.89118538,19.89355106,19.89591675,19.89828243,19.90064812,19.9030138,19.90595334,19.90889288,19.91183243,19.91477197,19.91771151,19.92214598,19.92658046,19.93101493,19.93544941,19.93988388,19.94575913,19.95211464,19.9589504,19.96626642,19.97406271,19.98353388,19.99388352,20.00511163,20.01721822,20.03020327,20.04588925,20.06306119,20.08171908,20.10186293,20.12349274,20.14947932,20.17790881,20.2087812,20.24209648,20.27785467,20.31938652,20.36517805,20.41553206,20.47075135,20.53113871,20.5993193,20.6745403,20.75731563,20.8481592,20.94758495,21.058033,21.1804025
19.86,19.86604074,19.86973063,19.87282095,19.87555711,19.87829328,19.88102945,19.88376561,19.88650178,19.88989331,19.89328484,19.89667637,19.9000679,19.90345944,19.90857063,19.91368182,19.91879301,19.9239042,19.92901539,19.93578211,19.94310068,19.9509711,19.95939335,19.96836746,19.97927119,19.99118603,20.00411197,20.01804902,20.03299718,20.05104942,20.07081044,20.09228023,20.11545878,20.14034611,20.17023406,20.20292806,20.23842811,20.27673422,20.31784638,20.36555442,20.41813568,20.4759347,20.53929601,20.60856413,20.68673033,20.77293607,20.86776649,20.97180674,21.08564195,21.21198287,21.35183978
19.84,19.84668825,19.85088439,19.85439537,19.85749507,19.86059478,19.86369448,19.86679419,19.86989389,19.87372677,19.87755965,19.88139253,19.88522541,19.88905829,19.89482889,19.9005995,19.9063701,19.91214071,19.91791131,19.92554542,19.9338007,19.94267715,19.95217476,19.96229354,19.97458992,19.98802627,20.00260261,20.01831891,20.0351752,20.05552621,20.07780212,20.10200293,20.12812863,20.15617922,20.18985267,20.22668366,20.2666722,20.30981829,20.35612193,20.40980885,20.46895826,20.53395433,20.60518122,20.68302307,20.77082028,20.86761326,20.97405491,21.09079815,21.21849588,21.36010371,21.51673507
19.82,19.82729223,19.83198462,19.83591017,19.83936642,19.84282266,19.8462789,19.84973515,19.85319139,19.85745504,19.86171869,19.86598233,19.87024598,19.87450963,19.88092253,19.88733542,19.89374832,19.90016122,19.90657412,19.91505186,19.92421788,19.93407218,19.94461477,19.95584563,19.96949536,19.98441023,20.00059025,20.0180354,20.0367457,20.05932914,20.08404705,20.11089945,20.13988631,20.17100766,20.20835309,20.24919621,20.29353701,20.3413755,20.39271166,20.45218538,20.51768762,20.58964018,20.66846488,20.75458353,20.85166963,20.95866694,21.07629289,21.20526488,21.34630034,21.50257734,21.67530542
19.8,19.80785555,19.81303318,19.81736688,19.8211726,19.82497832,19.82878404,19.83258977,19.83639549,19.84107939,19.84576328,19.85044718,19.85513108,19.85981498,19.86685322,19.87389146,19.8809297,19.88796794,19.89500618,19.90430413,19.9143553,19.92515971,19.93671736,19.94902823,19.96399262,19.98034367,19.99808137,20.01720573,20.03771676,20.0624674,20.08955568,20.11898161,20.15074519,20.18484641,20.22575258,20.2704855,20.31904516,20.37143157,20.42764472,20.49271808,20.56436371,20.6430392,20.72920213,20.8233101,20.92935464,21.04618701,21.17458605,21.31533063,21.4691996,21.63957403,21.82775322
19.78,19.78838092,19.79403191,19.79876698,19.80291505,19.80706313,19.81121121,19.81535929,19.81950736,19.82460105,19.82969474,19.83478843,19.83988212,19.84497581,19.85262261,19.86026942,19.86791622,19.87556302,19.88320982,19.89330485,19.90421595,19.91594312,19.92848637,19.9418457,19.95808662,19.97583213,19.99508223,20.01583691,20.03809617,20.06494986,20.09433808,20.12626084,20.16071813,20.19770995,20.24206774,20.29057056,20.34321838,20.40001123,20.46094908,20.5314396,20.60902477,20.69419618,20.78744545,20.88926417,21.00394762,21.13025847,21.2690341,21.42111192,21.58732931,21.77125336,21.97426742
19.76,19.76887083,19.77498262,19.78011195,19.7845952,19.78907844,19.79356169,19.79804494,19.80252818,19.80802126,19.81351434,19.81900741,19.82450049,19.82999357,19.83823231,19.84647105,19.85470979,19.86294852,19.87118726,19.88205655,19.8938027,19.90642569,19.91992553,19.93430222,19.95178213,19.97088101,19.99159885,20.01393567,20.03789146,20.06678509,20.09840397,20.13274811,20.16981752,20.20961218,20.25731456,20.30946969,20.36607757,20.42713819,20.49265156,20.56838119,20.6517073,20.74315385,20.84324479,20.95250407,21.07551712,21.21096176,21.35973118,21.52271856,21.70081707,21.89776501,22.11502458
19.74,19.74932764,19.75588709,19.76140325,19.76621442,19.77102558,19.77583675,19.78064791,19.78545908,19.79134119,19.7972233,19.80310541,19.80898752,19.81486963,19.82368384,19.83249805,19.84131226,19.85012647,19.85894067,19.8705617,19.88311833,19.89661057,19.91103841,19.92640186,19.94508372,19.96549545,19.98763706,20.01150853,20.03710989,20.06798132,20.1017627,20.13845402,20.17805529,20.2205665,20.2715084,20.32720049,20.38764277,20.45283524,20.52277791,20.60357278,20.69244622,20.78995296,20.89664772,21.01308524,21.14412813,21.28837301,21.44676622,21.62025411,21.80978305,22.01924952,22.2501899
19.72,19.72975354,19.73674707,19.74264232,19.74777409,19.75290585,19.75803761,19.76316938,19.76830114,19.77456198,19.78082283,19.78708367,19.79334451,19.79960535,19.80897871,19.81835207,19.82772543,19.83709878,19.84647214,19.85882265,19.87216554,19.88650082,19.90182848,19.91814852,19.93799582,19.95968046,19.98320244,20.00856176,20.03575843,20.0685465,20.10442328,20.14338876,20.18544293,20.2305858,20.28466403,20.34377984,20.40793323,20.47712421,20.55135277,20.63704301,20.73127488,20.83463238,20.94769954,21.07106035,21.20984234,21.36256429,21.53022325,21.71381627,21.91434041,22.13583892,22.37991808
19.7,19.71015056,19.71756427,19.72383056,19.72927554,19.73472052,19.7401655,19.74561048,19.75105546,19.75768477,19.76431409,19.7709434,19.77757271,19.78420202,19.79411836,19.80403469,19.81395102,19.82386735,19.83378368,19.84684168,19.86094691,19.87609936,19.89229904,19.90954594,19.93052267,19.95344082,19.97830039,20.00510139,20.03384381,20.06848828,20.10639438,20.14756211,20.19199147,20.23968247,20.29679564,20.35922396,20.42696743,20.50002605,20.57839981,20.66881928,20.76822512,20.87722918,20.99644335,21.12647948,21.27271824,21.43360385,21.61018172,21.80349724,22.0145958,22.24765732,22.5043541
19.68,19.69052061,19.69834036,19.70496937,19.71072011,19.71647085,19.7222216,19.72797234,19.73372308,19.74071065,19.74769821,19.75468578,19.76167335,19.76866091,19.77910418,19.78954744,19.7999907,19.81043397,19.82087723,19.834621,19.84946493,19.86540904,19.88245331,19.90059775,19.92266837,19.94678115,19.9729361,20.00113322,20.03137252,20.067814,20.10768433,20.15098351,20.19771153,20.24786839,20.30791685,20.37354841,20.44476307,20.52156082,20.60394166,20.69892782,20.80332737,20.91777869,21.04292018,21.17939021,21.3328113,21.50155631,21.68671673,21.88938405,22.11064974,22.35482147,22.62363393
19.66,19.67086547,19.67907697,19.6860601,19.69210908,19.69815807,19.70420705,19.71025603,19.71630502,19.72364066,19.7309763,19.73831195,19.74564759,19.75298323,19.76393752,19.77489181,19.78584609,19.79680038,19.80775466,19.82216271,19.83772201,19.85443256,19.87229436,19.89130742,19.91443684,19.93970588,19.96711455,19.99666284,20.02835076,20.06653073,20.10830114,20.15366199,20.20261328,20.255155,20.31804073,20.3867681,20.4613371,20.54174773,20.62799999,20.72739366,20.83661065,20.95631458,21.08716908,21.22983775,21.39017416,21.56648287,21.7598993,21.97155889,22.20259705,22.45744121,22.73788518
19.64,19.65118679,19.65977568,19.66710409,19.67344372,19.67978336,19.68612299,19.69246262,19.69880226,19.70647584,19.71414942,19.721823,19.72949658,19.73717015,19.74861968,19.76006921,19.77151873,19.78296826,19.79441779,19.80946885,19.82572044,19.84317253,19.86182515,19.88167827,19.90583186,19.93221928,19.96084052,19.9916956,20.02478451,20.06464526,20.1082525,20.15560625,20.20670649,20.26155323,20.32717981,20.39889732,20.47670578,20.56060519,20.65059554,20.75424074,20.86810267,20.99286893,21.12922717,21.27786501,21.44485673,21.62844148,21.82979658,22.05009935,22.29052713,22.55561994,22.84722766
19.62,19.63148612,19.64043801,19.64810263,19.65472526,19.66134789,19.66797052,19.67459315,19.68121578,19.68921718,19.69721859,19.70522,19.7132214,19.72122281,19.73315191,19.74508101,19.75701012,19.76893922,19.78086832,19.79654138,19.81346243,19.83163147,19.8510485,19.87171351,19.89685704,19.92432541,19.95411861,19.98623664,20.02067951,20.06216408,20.10754577,20.15682459,20.21000053,20.26707359,20.33534606,20.40994975,20.49088465,20.57815078,20.67174812,20.77949193,20.89782982,21.02747228,21.16912977,21.32351278,21.49690632,21.68748699,21.89647204,22.12507873,22.3745243,22.649455,22.95177389
19.6,19.6117649,19.62106546,19.62905701,19.63595491,19.64285281,19.6497507,19.6566486,19.66354649,19.67186565,19.68018481,19.68850397,19.69682312,19.70514228,19.71753541,19.72992854,19.74232167,19.7547148,19.76710793,19.78338217,19.80095012,19.81981177,19.83996713,19.86141619,19.88751586,19.9160282,19.94695321,19.98029089,20.01604124,20.05909343,20.10618801,20.15732499,20.21250436,20.27172612,20.34255098,20.41993846,20.50388856,20.5944013,20.69147665,20.80316901,20.92581728,21.06015368,21.20691043,21.36681975,21.54636779,21.74367135,21.95998572,22.1965662,22.4546681,22.73903805,23.0516296
19.58,19.59202448,19.60165945,19.60996847,19.61713384,19.62429921,19.63146458,19.63862995,19.64579532,19.65442218,19.66304904,19.6716759,19.68030276,19.68892962,19.70177133,19.71461305,19.72745477,19.74029649,19.7531382,19.76999301,19.78818553,19.80771574,19.82858365,19.85078925,19.87781162,19.90733138,19.93934852,19.97386305,20.01087496,20.05543927,20.10418597,20.15711507,20.21422655,20.27552043,20.34880552,20.42887594,20.5157317,20.60937279,20.70979921,20.82529276,20.95208899,21.09094078,21.24260102,21.40782262,21.59328363,21.79704368,22.02039432,22.26462709,22.53103354,22.82445536,23.14689413
19.56,19.5722661,19.58222136,19.59083823,19.59826321,19.60568819,19.61311317,19.62053815,19.62796313,19.63688767,19.6458122,19.65473674,19.66366128,19.67258582,19.68586079,19.69913575,19.71241072,19.72568569,19.73896066,19.75637562,19.77517059,19.79534556,19.81690052,19.83983548,19.8677475,19.89823852,19.93130856,19.96695762,20.00518569,20.0512073,20.10154611,20.15620211,20.2151753,20.27846568,20.35412016,20.43677413,20.5264276,20.62308056,20.72673301,20.84588299,20.97666774,21.11985983,21.27623179,21.44655617,21.63769405,21.84765045,22.07775143,22.32932304,22.60369133,22.90578818,23.23766083
19.54,19.55249093,19.56275253,19.57166745,19.57934411,19.58702077,19.59469744,19.6023741,19.61005076,19.61926298,19.62847519,19.63768741,19.64689962,19.65611184,19.66980482,19.6834978,19.69719078,19.71088377,19.72457675,19.74253164,19.76190716,19.78270332,19.80492012,19.82855755,19.8573265,19.88875304,19.92283717,19.9595789,19.99897822,20.04640296,20.09827458,20.15459306,20.21535841,20.28057062,20.35850487,20.44364438,20.53598914,20.63553916,20.74229444,20.8649585,20.99957519,21.14693575,21.30783141,21.48305338,21.67963712,21.89553558,22.13210764,22.39071219,22.67270811,22.98311298,23.32401741
19.52,19.53270006,19.54325424,19.55245728,19.56037763,19.56829798,19.57621833,19.58413868,19.59205903,19.60154895,19.61103886,19.62052877,19.63001869,19.6395086,19.65360445,19.6677003,19.68179615,19.695892,19.70998785,19.72846261,19.748397,19.76979103,19.7926447,19.81695799,19.8465515,19.87887817,19.91393799,19.95173098,19.99225713,20.04103143,20.09437723,20.15229453,20.21478332,20.2818436,20.36196917,20.44949751,20.54442861,20.64676247,20.75649908,20.88253719,21.0208319,21.17219219,21.33742705,21.51734544,21.71914884,21.94074056,22.18351069,22.44884936,22.73814667,23.05650167,23.40604626
19.5,19.5128945,19.52372769,19.53320884,19.54136482,19.5495208,19.55767678,19.56583275,19.57398873,19.58374638,19.59350403,19.60326167,19.61301932,19.62277697,19.63726063,19.6517443,19.66622796,19.68071162,19.69519529,19.71417003,19.73464179,19.75661058,19.78007639,19.80503922,19.83542524,19.868617,19.9046145,19.94341775,19.98502674,20.03509763,20.08985966,20.14931281,20.2134571,20.28229251,20.36452208,20.45434379,20.55175764,20.65676362,20.76936175,20.89863602,21.04045734,21.19565154,21.36504443,21.54946183,21.7562632,21.98330453,22.23200559,22.50378619,22.8000661,23.1260219,23.48382473
19.48,19.49307519,19.50417408,19.5139232,19.52230668,19.53069016,19.53907364,19.54745712,19.5558406,19.56585604,19.57587147,19.58588691,19.59590234,19.60591777,19.62077428,19.63563078,19.65048729,19.66534379,19.6802003,19.69965529,19.7206431,19.74316375,19.76721722,19.79280352,19.8239503,19.85797245,19.89486999,19.9346429,19.97729119,20.02860624,20.08472714,20.14565388,20.21138647,20.28192489,20.36617218,20.45819297,20.55798729,20.66555512,20.78089646,20.91327107,21.05846998,21.21733497,21.39070785,21.5794304,21.79101226,22.02326438,22.27763474,22.5555713,22.85852201,23.19173723,23.5574254
19.46,19.47324299,19.48459452,19.49460139,19.50320419,19.51180699,19.52040978,19.52901258,19.53761537,19.54787866,19.55814195,19.56840523,19.57866852,19.58893181,19.60414626,19.61936071,19.63457516,19.64978961,19.66500406,19.68491972,19.70640245,19.72945224,19.75406911,19.78025305,19.81212912,19.84694729,19.88470756,19.92540991,19.96905436,20.02156169,20.0789847,20.14132339,20.20857777,20.28074784,20.36692756,20.46105429,20.56312802,20.67314876,20.7911165,20.92645756,21.07488724,21.23726249,21.41444023,21.60727742,21.82342624,22.06065488,22.32043803,22.60425038,22.91356661,23.25370732,23.62691636
19.44,19.45339874,19.46499007,19.47524442,19.48405828,19.49287214,19.50168601,19.51049987,19.51931373,19.52981495,19.54031616,19.55081738,19.56131859,19.57181981,19.58737738,19.60293496,19.61849253,19.63405011,19.64960768,19.66996457,19.69192123,19.71547766,19.74063386,19.76738984,19.79996402,19.83554413,19.87413015,19.9157221,19.96031996,20.01396814,20.07263705,20.13632668,20.20503703,20.2787681,20.3667959,20.46293644,20.5671897,20.67955569,20.80003441,20.93820982,21.08972558,21.25545294,21.4362632,21.6330276,21.85353358,22.09550869,22.36045296,22.64986637,22.96524896,23.31198813,23.69236137
19.42,19.43354317,19.44536176,19.45585324,19.46486986,19.47388647,19.48290309,19.49191971,19.50093633,19.51166556,19.52239479,19.53312402,19.54385325,19.55458248,19.57046843,19.58635437,19.60224032,19.61812626,19.6340122,19.65479101,19.67720078,19.7012415,19.72691318,19.75421581,19.78745717,19.82376541,19.86314054,19.90558255,19.95109144,20.00582955,20.06568866,20.13066877,20.20076988,20.27599198,20.36578443,20.46384765,20.57018166,20.68478644,20.807662,20.94854138,21.10300047,21.27192408,21.45619705,21.65670419,21.88136098,22.12785648,22.39771467,22.69245952,23.01361501,23.36663207,23.75382009
19.4,19.41367699,19.42571056,19.43642877,19.44563978,19.45485078,19.46406179,19.4732728,19.48248381,19.49343114,19.50437848,19.51532581,19.52627315,19.53722048,19.55342011,19.56961973,19.58581935,19.60201898,19.6182186,19.63940015,19.66224233,19.68674516,19.71290863,19.74073274,19.77461059,19.81161345,19.85174131,19.89499418,19.94137206,19.99714961,20.05814373,20.12435441,20.19578165,20.27242546,20.36389992,20.46379564,20.57211263,20.68885087,20.81401038,20.95746493,21.11472645,21.28669256,21.47426086,21.67832898,21.90693347,22.15772698,22.43225613,22.73206751,23.05870775,23.41768816,23.81134828
19.38,19.39380085,19.40603738,19.4169719,19.42636887,19.43576584,19.44516281,19.45455978,19.46395674,19.47511228,19.48626782,19.49742335,19.50857889,19.51973443,19.5362331,19.55273177,19.56923044,19.58572911,19.60222778,19.62379299,19.64704705,19.67198996,19.69862171,19.72694232,19.76142619,19.79909038,19.83993488,19.88395971,19.93116486,19.98793177,20.05000615,20.117388,20.19007731,20.26807409,20.36114873,20.46278764,20.5729908,20.69175824,20.81908994,20.96499237,21.12491715,21.29977396,21.49047246,21.69792234,21.93027446,22.18514706,22.46410809,22.76872554,23.10056736,23.46520213,23.86499795
19.36,19.37391534,19.38634309,19.39748347,19.40705791,19.41663236,19.42620681,19.43578126,19.44535571,19.45670954,19.46806338,19.47941721,19.49077105,19.50212488,19.51890802,19.53569116,19.5524743,19.56925743,19.58604057,19.60797049,19.631616,19.6569771,19.68405379,19.71284608,19.74790571,19.78619819,19.82772351,19.87248168,19.92047269,19.97817926,20.04127959,20.10977367,20.1836615,20.26294308,20.35753679,20.46083038,20.57282384,20.69351718,20.82291039,20.97113481,21.13358528,21.31118283,21.50484849,21.7155033,21.95140578,22.21014175,22.49329926,22.80246641,23.13923126,23.50921662,23.9148175
19.34,19.35402103,19.3666285,19.37796428,19.38770766,19.39745105,19.40719444,19.41693783,19.42668122,19.43822345,19.44976568,19.46130791,19.47285014,19.48439238,19.50144545,19.51849853,19.5355516,19.55260468,19.56965775,19.59193351,19.61595016,19.6417077,19.66920613,19.69844546,19.7340508,19.77293874,19.81510928,19.86056242,19.90929816,19.96789506,20.03196743,20.10151525,20.17653853,20.25703726,20.35306961,20.45793014,20.57161884,20.69413572,20.82548078,20.97590256,21.14074265,21.32093271,21.51740444,21.73108953,21.97034773,22.23273433,22.51985631,22.83332062,23.17473424,23.5497712,23.96085189
19.32,19.33411843,19.3468944,19.35841508,19.36831882,19.37822256,19.3881263,19.39803004,19.40793377,19.4196545,19.43137522,19.44309595,19.45481667,19.4665374,19.48384592,19.50115445,19.51846298,19.5357715,19.55308003,19.57568285,19.60005043,19.62618278,19.65407989,19.68374177,19.71986294,19.75931372,19.8020941,19.84820409,19.89764369,19.95708193,20.02207279,20.09261627,20.16871236,20.25036108,20.34775228,20.45409271,20.56938239,20.6936213,20.82680946,20.97930521,21.14640021,21.32903613,21.52815464,21.74469741,21.9871191,22.25294639,22.54380394,22.86131642,23.20710851,23.58690255,24.00314276
19.3,19.31420801,19.32714149,19.33883661,19.34889205,19.3589475,19.36900294,19.37905838,19.38911383,19.40100314,19.41289245,19.42478176,19.43667107,19.44856038,19.46610991,19.48365944,19.50120897,19.5187585,19.53630803,19.55921922,19.58391763,19.61040327,19.63867612,19.6687362,19.70534349,19.74532466,19.78867972,19.83540867,19.8855115,19.94574238,20.01159853,20.08307996,20.16018666,20.24291864,20.34158947,20.44932343,20.56612053,20.69198076,20.82690412,20.98135154,21.15056805,21.33550464,21.53711231,21.75634204,22.00173724,22.27079781,22.56516495,22.88647988,23.23638381,23.62064451,24.0417285
19.28,19.2942902,19.30737046,19.31922953,19.32942799,19.33962644,19.3498249,19.36002335,19.37022181,19.38226979,19.39431777,19.40636576,19.41841374,19.43046172,19.44823784,19.46601396,19.48379008,19.5015662,19.51934232,19.54254327,19.56755249,19.59436999,19.62299576,19.65342981,19.69049367,19.73097297,19.77486773,19.82217793,19.87290359,19.9338787,20.00054726,20.07290928,20.15096474,20.23471366,20.33458545,20.44362716,20.56183879,20.68922035,20.82577183,20.98204964,21.15325542,21.34034884,21.54428957,21.76603728,22.01421807,22.28630686,22.58396028,22.90883495,23.26258749,23.6510282,24.07664444
19.26,19.2743654,19.28758194,19.29959448,19.3099272,19.32025993,19.33059265,19.34092537,19.3512581,19.36345483,19.37565157,19.38784831,19.40004504,19.41224178,19.43023011,19.44821843,19.46620676,19.48419508,19.50218341,19.52565556,19.55095565,19.57808369,19.60703966,19.63782358,19.67531458,19.71625989,19.76065953,19.80851349,19.85982176,19.92149295,19.98892132,20.06210687,20.1410496,20.22574952,20.32674407,20.4370083,20.55654219,20.68534574,20.82341897,20.98140684,21.15447073,21.34357836,21.54969746,21.77379576,22.02457608,22.29949021,22.60020904,22.92840351,23.28574453,23.67808207,24.10792286
19.24,19.25443397,19.2677765,19.27993205,19.29039025,19.30084845,19.31130665,19.32176485,19.33222305,19.34455861,19.35689417,19.36922974,19.3815653,19.39390086,19.41208703,19.4302732,19.44845938,19.46664555,19.48483172,19.50855659,19.53412768,19.561545,19.59080855,19.62191833,19.65980718,19.70118653,19.74605638,19.79441675,19.84626762,19.90858695,19.97672278,20.05067511,20.13044392,20.21602923,20.31806881,20.4294708,20.55023521,20.68036204,20.81985129,20.97942973,21.15422154,21.3452019,21.55334596,21.77962888,22.03282444,22.31036297,22.61392859,22.94520543,23.30587762,23.70183196,24.13559312
19.22,19.23449625,19.2479547,19.26024278,19.27081762,19.28139246,19.29196731,19.30254215,19.31311699,19.32558143,19.33804588,19.35051032,19.36297477,19.37543922,19.3938089,19.41217858,19.43054826,19.44891794,19.46728762,19.49124676,19.51706904,19.54475447,19.57430306,19.60571479,19.64397229,19.68575382,19.73105937,19.77988895,19.83224254,19.89516231,19.96395349,20.03861607,20.11915005,20.20555544,20.30856269,20.42101817,20.54292186,20.67427378,20.81507392,20.97612419,21.15251463,21.34522724,21.55524399,21.7835469,22.03897492,22.3189387,22.62513451,22.95925859,23.32300723,23.72230122,24.15968174
19.2,19.21455254,19.22811702,19.24052719,19.25120979,19.26189239,19.27257499,19.28325759,19.29394018,19.30652356,19.31910694,19.33169032,19.3442737,19.35685708,19.37539594,19.39393481,19.41247368,19.43101254,19.44955141,19.47372641,19.49978013,19.52771256,19.5575237,19.58921355,19.62781063,19.66996258,19.71566942,19.76493114,19.81774774,19.8812204,19.950615,20.02593155,20.10717003,20.19433046,20.29822838,20.41165343,20.53460561,20.66708491,20.80909134,20.9714954,21.14935596,21.34366123,21.55539946,21.78555886,22.04303799,22.32522949,22.6338407,22.97057896,23.33715163,23.73951069,24.18021242
19.18,19.19460311,19.20826391,19.22078573,19.23156716,19.24234859,19.25313002,19.26391145,19.27469289,19.28738523,19.30007757,19.31276992,19.32546226,19.33815461,19.35684835,19.37554209,19.39423583,19.41292957,19.43162331,19.45599582,19.48226126,19.51041962,19.5404709,19.57241511,19.61132274,19.65381346,19.69988728,19.74954418,19.80278418,19.86676235,19.93670864,20.01262305,20.09450558,20.18235622,20.28706813,20.4013792,20.52528944,20.65879884,20.8019074,20.96554781,21.14475066,21.34050983,21.55381921,21.78567267,22.04502281,22.32924591,22.64005936,22.97918058,23.34832695,23.75347882,24.19720616
19.16,19.1746482,19.18839578,19.20101882,19.21189011,19.22276141,19.23363271,19.244504,19.2553753,19.26816663,19.28095796,19.29374928,19.30654061,19.31933194,19.33816625,19.35700056,19.37583486,19.39466917,19.41350347,19.43805516,19.46451263,19.4928759,19.52314497,19.55531982,19.59450907,19.63730697,19.68371354,19.73372876,19.78735265,19.85178908,19.92223546,19.99869179,20.08115808,20.16963432,20.27508378,20.39019761,20.51497581,20.64941838,20.79352533,20.95828516,21.1387031,21.3357781,21.55050911,21.7838951,22.04493722,22.33099706,22.64380105,22.98507562,23.3565472,23.76422165,24.21068128
19.14,19.15468802,19.168513,19.18122683,19.19217898,19.20313113,19.21408328,19.22503543,19.23598759,19.2488679,19.26174822,19.27462853,19.28750885,19.30038916,19.31934973,19.3383103,19.35727086,19.37623143,19.395192,19.41990454,19.4465344,19.47508159,19.5055461,19.53792794,19.57736991,19.62044347,19.66714863,19.71748539,19.77145373,19.83630127,19.90719626,19.98413871,20.06712863,20.156166,20.26227679,20.37811036,20.5036667,20.63894583,20.78394774,20.94971051,21.13121684,21.32947018,21.54547401,21.78023177,22.0427878,22.33049062,22.64507467,22.98827442,23.3618243,23.77175289,24.22065345
19.12,19.13472277,19.14861588,19.16141009,19.17243405,19.18345801,19.19448197,19.20550592,19.21652988,19.22948917,19.24244845,19.25540773,19.26836702,19.2813263,19.30039882,19.31947134,19.33854386,19.35761638,19.3766889,19.40154399,19.42832661,19.45703674,19.48767441,19.52023959,19.55990543,19.60322317,19.65019282,19.70081436,19.7550878,19.82029938,19.8915916,19.96896446,20.05241797,20.14195212,20.2486482,20.36511869,20.49136358,20.62738288,20.77317659,20.93982619,21.12229464,21.32158935,21.53871773,21.77468718,22.03857984,22.3277328,22.64388751,22.98878546,23.36416812,23.77608393,24.22713576
19.1,19.11475261,19.12870471,19.14156888,19.15265556,19.16374224,19.17482892,19.1859156,19.19700228,19.2100305,19.22305871,19.23608692,19.24911514,19.26214335,19.28131351,19.30048366,19.31965382,19.33882398,19.35799413,19.38297347,19.40988921,19.43874134,19.46952987,19.50225479,19.54211568,19.58564614,19.63284619,19.68371582,19.73825503,19.80378363,19.87542175,19.95316939,20.03702655,20.12699323,20.23419869,20.35122342,20.47806742,20.6147307,20.76121325,20.92863384,21.11193848,21.31213798,21.53024312,21.7672647,22.03231739,22.3227284,22.64024525,22.98661544,23.36358649,23.77722389,24.23013873
19.08,19.09477767,19.10877971,19.12170344,19.13284372,19.143984,19.15512428,19.16626456,19.17740484,19.19049192,19.203579,19.21666609,19.22975317,19.24284025,19.26209372,19.28134718,19.30060064,19.31985411,19.33910757,19.36419286,19.39122209,19.42019526,19.45111238,19.48397344,19.52400054,19.56771229,19.61510868,19.66618971,19.72095538,19.78675403,19.85868676,19.93675358,20.02095449,20.11128948,20.21892849,20.33642489,20.46377868,20.60098987,20.74805845,20.91613441,21.10014956,21.30111756,21.52005203,21.7579666,22.0240032,22.3154808,22.63415195,22.98176923,23.36008521,23.77517958,24.22967034
19.06,19.07479808,19.0888411,19.10181396,19.11299868,19.1241834,19.13536812,19.14655284,19.15773756,19.17087343,19.1840093,19.19714517,19.21028104,19.22341691,19.24273933,19.26206176,19.28138418,19.3007066,19.32002903,19.34520195,19.37232504,19.40139829,19.43242171,19.4653953,19.50555979,19.54942138,19.59698004,19.64823579,19.70318861,19.76921033,19.8413864,19.91971682,20.00420159,20.0948407,20.20283746,20.320723,20.44849732,20.58616041,20.73371229,20.90232812,21.08692829,21.28852871,21.5081453,21.74679401,22.0136388,22.30599195,22.6256101,22.97424993,23.35366808,23.7699556,24.22573604
19.04,19.05481392,19.06888901,19.08190058,19.09312055,19.10434052,19.11556049,19.12678046,19.13800042,19.15117497,19.16434952,19.17752407,19.19069862,19.20387317,19.22325018,19.24262719,19.26200421,19.28138122,19.30075824,19.32600046,19.35319775,19.3823501,19.41345753,19.44652002,19.48679307,19.53077303,19.57845988,19.62985363,19.68495428,19.75115207,19.82352017,19.90205859,19.98676731,20.07764635,20.18592506,20.30411721,20.43222279,20.57024181,20.71817426,20.88721453,21.07227427,21.27437113,21.49452281,21.73374696,22.00122445,22.2942624,22.6146206,22.96405883,23.34433686,23.76155426,24.21833876
19.02,19.03482526,19.04892356,19.06196342,19.07320941,19.0844554,19.09570139,19.10694738,19.11819337,19.13139646,19.14459955,19.15780264,19.17100573,19.18420882,19.20362603,19.22304324,19.24246045,19.26187767,19.28129488,19.30658803,19.33383984,19.36305029,19.39421939,19.42734714,19.46769987,19.5117667,19.55954761,19.61104262,19.66625173,19.73257855,19.80508734,19.88377809,19.96865082,20.05970551,20.16819034,20.28660652,20.41495406,20.55323296,20.70144321,20.87079246,21.05618632,21.25864368,21.4791834,21.71882437,21.98675915,22.28029129,22.60118275,22.95119546,23.33209135,23.74997565,24.20747895
19,19.01483215,19.02894481,19.04200251,19.05326526,19.06452802,19.07579077,19.08705352,19.09831628,19.11153775,19.12475922,19.1379807,19.15120217,19.16442364,19.18386662,19.2033096,19.22275257,19.24219555,19.26163853,19.28696423,19.31425083,19.34349834,19.37470675,19.40787607,19.44827956,19.4924017,19.5402425,19.59180196,19.64708008,19.71348882,19.78608688,19.86487425,19.94985093,20.04101693,20.14963193,20.26818947,20.39668955,20.53513218,20.68351735,20.85306002,21.03866247,21.24134427,21.46212493,21.70202401,21.97024063,22.26407632,22.58529424,22.93565752,23.31692931,23.7352176,24.19315451
18.98,18.9948346,19.00895281,19.02201786,19.03328809,19.04455832,19.05582856,19.06709879,19.07836902,19.09159868,19.10482834,19.118058,19.13128766,19.14451732,19.1639716,19.18342588,19.20288016,19.22233444,19.24178873,19.26712852,19.29443016,19.32369364,19.35491895,19.3881061,19.42853136,19.4726772,19.52054363,19.57213066,19.62743827,19.69388173,19.76651753,19.84534567,19.93036615,20.02157898,20.13024807,20.24886414,20.3774272,20.51593724,20.66439427,20.83401462,21.01969995,21.22246994,21.44334426,21.68334256,21.95166537,22.24561379,22.56695119,22.91744096,23.29884649,23.71727568,24.17536084
18.96,18.97483262,18.98894752,19.00200944,19.01327783,19.02454622,19.03581461,19.047083,19.05835139,19.07157902,19.08480664,19.09803427,19.1112619,19.12448952,19.1439406,19.16339168,19.18284276,19.20229383,19.22174491,19.24708032,19.27437717,19.30363547,19.33485521,19.3680364,19.40845435,19.45259219,19.50044991,19.55202752,19.60732501,19.67375586,19.74637774,19.82519067,19.91019464,20.00138965,20.11003657,20.22862816,20.35716441,20.49564533,20.64407091,20.81365295,20.99929518,21.20201684,21.42283721,21.66277552,21.93102856,22.22489853,22.54614808,22.89653989,23.27783661,23.69614321,24.15409081
18.94,18.95482619,18.9689289,18.98197716,18.99323436,19.00449156,19.01574877,19.02700597,19.03826318,19.05147851,19.06469385,19.07790918,19.09112452,19.10433986,19.12377318,19.1432065,19.16263982,19.18207314,19.20150647,19.22681894,19.25409113,19.28332303,19.31451465,19.34766599,19.38804749,19.43214552,19.47996008,19.53149117,19.58673879,19.65310955,19.72566571,19.80440727,19.88933423,19.98044659,20.08899485,20.20747868,20.33589807,20.47425303,20.62254356,20.79197097,20.97744374,21.17998019,21.4005986,21.64031729,21.90832412,22.20192395,22.52287778,22.87294658,23.25389135,23.67181119,24.12933471
18.92,18.93481524,18.94889684,18.96192087,18.97315752,18.98439416,18.99563081,19.00686745,19.0181041,19.03129685,19.04448961,19.05768237,19.07087512,19.08406788,19.10346884,19.1228698,19.14227077,19.16167173,19.18107269,19.20634361,19.23357118,19.2627554,19.29389628,19.3269938,19.36730958,19.41133588,19.4590727,19.51052004,19.5656779,19.63194092,19.70437935,19.78299318,19.86778241,19.95874704,20.06711988,20.18541238,20.31362454,20.45175638,20.59980788,20.7689639,20.95414043,21.15635427,21.37662221,21.61596107,21.88354464,22.176682,22.4971315,22.84665149,23.22700032,23.64426833,24.10108027
18.9,18.91479973,18.9288512,18.9418404,18.95304709,18.96425377,18.97546046,18.98666715,18.99787384,19.01103369,19.02419354,19.0373534,19.05051325,19.0636731,19.08302704,19.10238098,19.12173492,19.14108887,19.16044281,19.18565348,19.2128164,19.24193156,19.27299897,19.30601862,19.3462393,19.39016181,19.43778616,19.48911236,19.54414039,19.61024783,19.6825163,19.76094581,19.84553634,19.93628791,20.04440822,20.16242547,20.29033965,20.42815077,20.57585882,20.74462624,20.9293792,21.13113245,21.35090077,21.58969893,21.85668142,22.14916313,22.46889881,22.81764319,23.19715102,23.61350098,24.0693126
18.88,18.89477953,18.90879179,18.9217355,18.93290281,18.94407012,18.95523744,18.96640475,18.97757206,18.99068864,19.00380523,19.01692181,19.03003839,19.04315498,19.06244718,19.08173938,19.10103157,19.12032377,19.13961597,19.16474763,19.19182577,19.22085039,19.2518215,19.2847391,19.32483515,19.36862167,19.41609868,19.46726615,19.5221241,19.58802789,19.66007394,19.73826225,19.82259283,19.91306567,20.020856,20.13851367,20.26603868,20.40343103,20.55069072,20.71895172,20.90315314,21.10430716,21.32342596,21.56152171,21.8277244,22.11935629,22.43816756,22.78590835,23.16432884,23.57949311,24.03401412
18.86,18.87475455,18.88871837,18.9016059,18.91272439,18.92384288,18.93496137,18.94607986,18.95719834,18.97026126,18.98332417,18.99638709,19.00945,19.02251292,19.04172859,19.06094426,19.08015992,19.09937559,19.11859126,19.14362503,19.17059816,19.19951067,19.23036254,19.26315377,19.30309552,19.34671368,19.39400826,19.44497925,19.49962666,19.56527846,19.63704934,19.7149393,19.79894834,19.88907645,19.99645892,20.11367223,20.24071638,20.37759136,20.52429719,20.69193331,20.87545451,21.07586985,21.29418835,21.53141907,21.79666217,22.08724892,22.4049239,22.75143172,23.12851698,23.54222627,23.99516458
18.84,18.85472462,18.86863068,18.88145126,18.89251146,18.90357166,18.91463186,18.92569206,18.93675226,18.94975107,18.96274987,18.97574868,18.98874748,19.00174628,19.02087056,19.03999484,19.05911911,19.07824339,19.09736766,19.12228458,19.14913237,19.17791105,19.20862061,19.24126104,19.28101864,19.32443588,19.37151276,19.42224928,19.47664545,19.54199666,19.61343932,19.69097342,19.77459897,19.86431596,19.97121223,20.08789588,20.21436693,20.35062536,20.49667118,20.66356321,20.84627469,21.045811,21.26317746,21.49937943,21.76348195,22.05282687,22.36915223,22.71419608,23.08969646,23.50167953,23.95274094
18.82,18.83468959,18.84852839,18.86127121,18.87226363,18.88325605,18.89424848,18.9052409,18.91623333,18.92915754,18.94208175,18.95500596,18.96793017,18.98085438,18.99987232,19.01889027,19.03790821,19.05692616,19.07594411,19.10072509,19.12742709,19.1560501,19.18659413,19.21905917,19.25860259,19.30178614,19.34860984,19.39907366,19.45317763,19.51817933,19.58924038,19.66636076,19.74954047,19.83877953,19.94511073,20.06117887,20.18698396,20.32252598,20.46780495,20.63383283,20.81560418,21.0141201,21.23038167,21.46538998,21.72816954,22.01607443,22.33083515,22.67418218,23.04784602,23.45782942,23.90671734
18.8,18.81464924,18.82841112,18.84106529,18.85198044,18.86289558,18.87381072,18.88472587,18.89564101,18.9084801,18.92131918,18.93415827,18.94699736,18.95983645,18.97873304,18.99762964,19.01652623,19.03542283,19.05431942,19.07894529,19.1054809,19.13392627,19.1642814,19.19654628,19.2358453,19.27876219,19.32529696,19.37544961,19.42922014,19.49382308,19.56444874,19.64109713,19.72376824,19.81246207,19.91814878,20.03351493,20.15856052,20.29328554,20.43769001,20.60273279,20.78343258,20.98078563,21.19578822,21.42943659,21.69070929,21.97697426,22.28995344,22.63136873,23.00294208,23.41064989,23.857065
18.78,18.79460335,18.80827846,18.82083304,18.83166138,18.84248972,18.85331806,18.8641464,18.87497474,18.88771813,18.90046152,18.91320491,18.9259483,18.9386917,18.95745183,18.97621197,18.99497211,19.01373225,19.03249238,19.0569438,19.08329231,19.11153791,19.1416806,19.17372039,19.21274454,19.25536154,19.3015714,19.35137411,19.40476966,19.46892422,19.53906034,19.61517803,19.69727728,19.7853581,19.89032027,20.00489726,20.12908908,20.26289572,20.40631719,20.57025289,20.74974856,20.94579504,21.15938319,21.39150387,21.65108409,21.93550735,22.246486,22.58573234,22.9549587,23.36011222,23.80375218
18.76,18.77455166,18.78812994,18.80057391,18.81130591,18.8220379,18.8327699,18.8435019,18.85423389,18.86687097,18.87950805,18.89214512,18.9047822,18.91741927,18.93602775,18.95463623,18.9732447,18.99185318,19.01046166,19.03471917,19.06085969,19.08888323,19.11878977,19.15057933,19.18929795,19.23158159,19.27743025,19.32684394,19.37982266,19.44347881,19.51307079,19.5885986,19.67006224,19.75746171,19.86161861,19.97531855,20.09856151,20.23134751,20.37367654,20.5363821,20.71453987,20.90913471,21.12115149,21.35157506,21.60927531,21.89165299,22.2004098,22.5372474,22.90386749,23.30618493,23.74674404
18.74,18.75449387,18.76796504,18.78028732,18.79091342,18.80153952,18.81216562,18.82279172,18.83341782,18.84593791,18.858458,18.87097809,18.88349817,18.89601826,18.91445978,18.9329013,18.95134281,18.96978433,18.98822585,19.01226985,19.03818135,19.06596035,19.09560685,19.12712084,19.16550298,19.2074195,19.2528704,19.30185568,19.35437534,19.41748265,19.48647542,19.56135366,19.64211737,19.72876655,19.83203675,19.94477094,20.06696911,20.19863126,20.3397574,20.50110853,20.67779329,20.87078995,21.08107677,21.30963205,21.56526277,21.84538871,22.15169983,22.48588612,22.84963755,23.24883373,23.68600257
18.72,18.73442968,18.74778319,18.75997262,18.77048326,18.78099389,18.79150453,18.80201517,18.81252581,18.82491819,18.83731057,18.84970295,18.86209533,18.87448771,18.89274686,18.91100601,18.92926516,18.94752431,18.96578346,18.98959421,19.01525548,19.04276728,19.07212961,19.10334248,19.14135694,19.18287229,19.22788853,19.27640566,19.32842367,19.39093123,19.45926923,19.53343767,19.61343656,19.69926588,19.80156714,19.91324602,20.03430251,20.1647366,20.3045483,20.46441944,20.63949463,20.83074495,21.03914148,21.26565529,21.51902471,21.79669023,22.10032906,22.43161837,22.79223535,23.18802139,23.62148649
18.7,18.71435871,18.72758378,18.73962912,18.75001472,18.76040031,18.77078591,18.78117151,18.79155711,18.80381101,18.8160649,18.8283188,18.8405727,18.85282659,18.87088786,18.88894913,18.9070104,18.92507167,18.94313294,18.9666905,18.99208015,19.0193019,19.04835574,19.07924168,19.11685698,19.1579368,19.20248114,19.25048999,19.30196337,19.3638198,19.43144692,19.50484474,19.58401326,19.66895247,19.77020174,19.88073483,20.00055174,20.12965247,20.26803702,20.42630118,20.59962869,20.78898279,20.99532675,21.21962382,21.47053769,21.74553142,22.0462683,22.37441163,22.7316247,23.12370763,23.55315108
18.68,18.69428056,18.70736612,18.71925607,18.72950704,18.73975801,18.75000898,18.76025996,18.77051093,18.78261551,18.79472009,18.80682467,18.81892925,18.83103384,18.84888159,18.86672935,18.88457711,18.90242487,18.92027263,18.9435569,18.96865335,18.99556197,19.02428276,19.05481573,19.09200008,19.13260966,19.1766445,19.22410457,19.27498988,19.33614327,19.40300285,19.4755686,19.55384055,19.63781868,19.737932,19.84722784,19.9657062,20.09336708,20.23021049,20.3867392,20.55817922,20.74548536,20.9496124,21.17151516,21.41977662,21.69188422,21.98948623,22.31423093,22.66776658,23.05584904,23.48094809
18.66,18.67419481,18.68712948,18.69885267,18.70895942,18.71906617,18.72917292,18.73927967,18.74938642,18.7613308,18.77327518,18.78521956,18.79716393,18.80910831,18.82672681,18.8443453,18.86196379,18.87958228,18.89720077,18.92019149,18.94497294,18.97154514,18.99990808,19.03006175,19.06678303,19.10688734,19.15037467,19.19724503,19.24749842,19.30789631,19.37393105,19.44560264,19.52291109,19.60585639,19.70474884,19.81271491,19.9297546,20.05586792,20.19105485,20.34571801,20.51512894,20.70023334,20.90197689,21.12130528,21.36671461,21.63571856,21.92994923,22.25103871,22.60061909,22.98439891,23.40482557
18.64,18.65410097,18.66687308,18.67841807,18.68837099,18.69832392,18.70827684,18.71822977,18.72818269,18.73995592,18.75172915,18.76350238,18.77527561,18.78704884,18.80442218,18.82179552,18.83916887,18.85654221,18.87391555,18.89659223,18.92103669,18.94724893,18.97522894,19.00497674,19.04120249,19.08076609,19.12366752,19.16990679,19.21948391,19.27907325,19.34422524,19.41493986,19.49121711,19.57305701,19.67064266,19.77718533,19.892685,20.01714169,20.15055538,20.30322117,20.47045947,20.65320619,20.85239725,21.06896858,21.31132298,21.57700232,21.86762134,22.18479476,22.5301373,22.90930714,23.3247277
18.62,18.63399853,18.64659607,18.65795135,18.66774084,18.67753034,18.68731983,18.69710932,18.70689882,18.71848989,18.73008095,18.74167202,18.75326309,18.76485416,18.78196634,18.79907852,18.8161907,18.83330287,18.85041505,18.87275702,18.89684225,18.92267074,18.95024249,18.9795575,19.01525492,19.05424198,19.09651868,19.14208502,19.19094101,19.24966815,19.31387876,19.38357286,19.45875043,19.53941148,19.63560332,19.74062774,19.85448475,19.97717433,20.10869649,20.25923123,20.42415128,20.60438208,20.8008491,21.01447778,21.25357115,21.51570123,21.80246416,22.11545607,22.45627312,22.83052002,23.24059464
18.6,18.6138869,18.62629754,18.63745155,18.647068,18.65668445,18.66630091,18.67591736,18.68553381,18.69693164,18.70832948,18.71972731,18.73112514,18.74252298,18.75935783,18.77619269,18.79302755,18.8098624,18.82669726,18.84868362,18.87238714,18.89780783,18.92494569,18.95380072,18.9889366,19.02731088,19.06892356,19.11377464,19.16186411,19.21967472,19.28288464,19.35149387,19.42550241,19.50491025,19.59962012,19.7030302,19.81514049,19.93595099,20.0654617,20.21372975,20.37618371,20.55373787,20.74730651,20.95780391,21.19342661,21.45177878,21.73443673,22.04297676,22.37897517,22.74798013,23.1523623
18.58,18.59376547,18.60597653,18.61691765,18.62635145,18.63578525,18.64521905,18.65465285,18.66408665,18.6752801,18.68647356,18.69766701,18.70886047,18.72005393,18.73659516,18.75313639,18.76967762,18.78621885,18.80276008,18.82436971,18.8476688,18.87265736,18.89933539,18.92770288,18.96224364,18.99996846,19.04087735,19.0849703,19.13224732,19.18908638,19.25123551,19.3186947,19.39146395,19.46954326,19.56268178,19.66438007,19.77463814,19.89345598,20.0208336,20.16669721,20.32653489,20.50124903,20.69174201,20.89891622,21.13085479,21.38519614,21.66349544,21.96730787,22.29818862,22.6616261,23.05996214
18.56,18.57363355,18.58563199,18.59634856,18.6055901,18.61483164,18.62407317,18.63331471,18.64255625,18.65353412,18.66451198,18.67548985,18.68646772,18.69744559,18.71367673,18.72990788,18.74613902,18.76237017,18.77860131,18.79981286,18.82268453,18.84721634,18.87340827,18.90126034,18.93517196,18.97221017,19.01237499,19.05566642,19.10208444,19.15789623,19.21892367,19.28516677,19.35662552,19.43329993,19.52477644,19.62466408,19.73296286,19.84967278,19.97479384,20.11811303,20.27518172,20.44688965,20.63412653,20.83778209,21.06581901,21.31591204,21.5895939,21.88839731,22.213855,22.57139245,22.96332095
18.54,18.55349042,18.56526283,18.57574316,18.58478283,18.5938225,18.60286216,18.61190183,18.6209415,18.63169249,18.64244348,18.65319448,18.66394547,18.67469647,18.69060091,18.70650535,18.72240979,18.73831424,18.75421868,18.77501053,18.79743151,18.82148163,18.84716088,18.87446927,18.90771728,18.94403127,18.98341121,19.02585713,19.07136901,19.12609701,19.18594102,19.25090105,19.3209771,19.39616916,19.48589164,19.58386827,19.69009906,19.80458399,19.92732307,20.0679555,20.22209981,20.39063231,20.57442927,20.774367,20.99828037,21.24388267,21.51268279,21.80618962,22.12591205,22.47720937,22.86236054
18.52,18.53333528,18.54486789,18.55510026,18.56392845,18.57275664,18.58158483,18.59041303,18.59924122,18.60975398,18.62026674,18.6307795,18.64129227,18.65180503,18.66736598,18.68292693,18.69848789,18.71404884,18.72960979,18.74996008,18.77190681,18.79544998,18.82058959,18.84732565,18.87987515,18.91542676,18.95398048,18.99553631,19.04009424,19.09368114,19.15227909,19.2158881,19.28450817,19.3581393,19.44601431,19.54197798,19.64603031,19.75817131,19.87840097,20.01620175,20.16726344,20.33244809,20.51261773,20.70863441,20.92819765,21.16906155,21.43270974,21.72062585,22.03429351,22.37900245,22.75699753
18.5,18.51316725,18.52444594,18.53441861,18.54302573,18.55163284,18.56023996,18.56884708,18.57745419,18.58771729,18.59798038,18.60824347,18.61850656,18.62876966,18.64397016,18.65917066,18.67437116,18.68957167,18.70477217,18.72465875,18.74610736,18.76911799,18.79369065,18.81982533,18.85164091,18.88639147,18.92407702,18.96469754,19.00825305,19.06064068,19.11792901,19.18011803,19.24720774,19.31919815,19.40513072,19.4989778,19.6007394,19.71041551,19.82800614,19.96282773,20.11064553,20.27230649,20.44865755,20.64054568,20.85552724,21.09139944,21.34961918,21.63164336,21.93892887,22.27669245,22.64714298
18.48,18.49298539,18.50399566,18.5136969,18.52207335,18.53044981,18.53882626,18.54720271,18.55557916,18.56558106,18.57558297,18.58558487,18.59558678,18.60558868,18.62041159,18.6352345,18.65005741,18.66488032,18.67970323,18.69910368,18.72002998,18.74248212,18.76646011,18.79196394,18.82300969,18.85691997,18.89369479,18.93333414,18.97583803,19.02696735,19.08288149,19.14358047,19.20906428,19.27933292,19.3632265,19.45485161,19.55420825,19.66129642,19.77611613,19.90780813,20.05221754,20.21017533,20.38251248,20.57005997,20.78022294,21.01084412,21.26335213,21.5391756,21.83974317,22.170195,22.53270205
18.46,18.4727887,18.4835157,18.49293379,18.50106999,18.50920619,18.51734239,18.5254786,18.5336148,18.54334391,18.55307303,18.56280214,18.57253125,18.58226036,18.59668835,18.61111634,18.62554433,18.63997231,18.6544003,18.67329189,18.69367135,18.71553868,18.73889388,18.76373694,18.79397642,18.82700661,18.86282751,18.90143913,18.94284146,18.99265248,19.04712686,19.10626462,19.17006575,19.23853025,19.32028661,19.40958249,19.50641791,19.61079286,19.72270734,19.85111636,19.99194946,20.14602073,20.31414427,20.49713416,20.70223594,20.92734032,21.17384606,21.44315194,21.73665672,22.05942029,22.41357366
18.44,18.45257606,18.46300459,18.47212784,18.48001422,18.4879006,18.49578699,18.50367337,18.51155975,18.52100438,18.53044901,18.53989364,18.54933827,18.5587829,18.57279844,18.58681398,18.60082951,18.61484505,18.62886059,18.64722028,18.66702803,18.68828384,18.7109877,18.73513961,18.76453582,18.79664548,18.83146862,18.86900521,18.90925528,18.95768703,19.010655,19.06815918,19.13019957,19.19677616,19.2762953,19.36315276,19.45734853,19.55888263,19.66775505,19.79272449,19.92980973,20.07980702,20.24351259,20.4217227,20.62151458,20.84082949,21.08103467,21.34349736,21.62958481,21.94427273,22.28965005
18.42,18.4323463,18.44246081,18.45127759,18.45890459,18.46653159,18.4741586,18.4817856,18.4894126,18.49856097,18.50770934,18.5168577,18.52600607,18.53515443,18.54873979,18.56232514,18.57591049,18.58949585,18.6030812,18.62088564,18.64009644,18.66071361,18.68273714,18.70616703,18.73468238,18.76583046,18.79961127,18.83602481,18.87507108,18.9220616,18.97345536,19.02925235,19.08945258,19.15405605,19.23123612,19.31554388,19.40697933,19.50554247,19.61123331,19.7326032,19.86576518,20.01149662,20.17057493,20.34377752,20.53800428,20.75124966,20.98484765,21.24013224,21.51843741,21.82465055,22.16081632
18.4,18.41209811,18.42188278,18.4303815,18.43773958,18.44509766,18.45245574,18.45981381,18.46717189,18.47601212,18.48485234,18.49369257,18.50253279,18.51137301,18.52451024,18.53764747,18.55078469,18.56392192,18.57705914,18.59428463,18.61287286,18.63282385,18.65413759,18.67681408,18.7044104,18.73455516,18.76724837,18.80249003,18.84028012,18.88576635,18.93551692,18.98953182,19.04781107,19.11035466,19.18509185,19.26673648,19.35528854,19.45074802,19.55311494,19.67072173,19.79978093,19.94105002,20.0952865,20.26324787,20.45164732,20.65853522,20.88521049,21.13297205,21.40311881,21.70044542,22.02694992
18.38,18.3918301,18.4012688,18.409438,18.41651762,18.42359724,18.43067686,18.43775648,18.4448361,18.45335621,18.46187632,18.47039643,18.47891654,18.48743665,18.50010758,18.51277851,18.52544945,18.53812038,18.55079132,18.56741379,18.58535343,18.60461026,18.62518426,18.64707544,18.67371391,18.70281293,18.73437251,18.76839263,18.8048733,18.84879106,18.89682822,18.94898477,19.00526072,19.06565607,19.13784454,19.21671032,19.30225339,19.39447378,19.49337147,19.60704781,19.73182036,19.86842562,20.01760007,20.1800802,20.36238271,20.56261671,20.78204417,21.02192703,21.28352728,21.57154198,21.88792012
18.36,18.37154077,18.38061714,18.38844544,18.39523709,18.40202873,18.40882038,18.41561203,18.42240367,18.43059159,18.4387795,18.44696742,18.45515534,18.46334325,18.4755295,18.48771575,18.499902,18.51208825,18.5242745,18.54026953,18.55753415,18.57606837,18.59587218,18.61694558,18.64258673,18.67059686,18.70097597,18.73372407,18.76884113,18.81112509,18.85737732,18.90759783,18.96178662,19.01994369,19.08947542,19.16544422,19.2478501,19.33669305,19.43197307,19.54154758,19.66184501,19.79357969,19.93746592,20.09421801,20.27014596,20.46342058,20.67526489,20.90690189,21.15955459,21.43781731,21.74358732
18.34,18.35122849,18.35992595,18.36740212,18.3738963,18.38039047,18.38688464,18.39337882,18.39987299,18.40771653,18.41556007,18.42340361,18.43124715,18.43909069,18.45077362,18.46245656,18.47413949,18.48582243,18.49750537,18.51284815,18.52941088,18.54719356,18.56619618,18.58641876,18.61102243,18.63789977,18.66705077,18.69847544,18.73217377,18.77275734,18.81715177,18.86535705,18.91737319,18.97320018,19.0399649,19.11291609,19.19205376,19.2773779,19.36888853,19.47418556,19.58981448,19.7164662,19.85483162,20.00560164,20.17486889,20.36086895,20.56478377,20.78779534,21.03108562,21.2991404,21.59380245
18.32,18.33089151,18.33919333,18.34630629,18.35249351,18.35868073,18.36486795,18.37105517,18.37724239,18.38472926,18.39221613,18.399703,18.40718987,18.41467674,18.42583748,18.43699823,18.44815898,18.45931972,18.47048047,18.48514579,18.50097931,18.51798102,18.53615093,18.55548903,18.57901434,18.6047142,18.63258859,18.66263751,18.69486097,18.73367631,18.77613863,18.82224794,18.87200423,18.92540751,18.98929255,19.05910284,19.13483836,19.21649914,19.30408515,19.40492455,19.51568635,19.63703676,19.76964196,19.91416815,20.07647943,20.25487931,20.45050651,20.66449977,20.89799782,21.15537154,21.4384061
18.3,18.31052792,18.31841729,18.32515615,18.33102695,18.33689776,18.34276856,18.34863936,18.35451016,18.36162796,18.36874575,18.37586354,18.38298133,18.39009912,18.40071854,18.41133797,18.42195739,18.43257682,18.44319624,18.45715848,18.472235,18.48842579,18.50573085,18.52415019,18.54655553,18.57103239,18.59758077,18.62620066,18.65689207,18.69387,18.73432444,18.7782554,18.82566287,18.87654686,18.93743707,19.00398036,19.07617674,19.1540262,19.23752875,19.33372555,19.43941608,19.55524044,19.68183874,19.81985108,19.97490132,20.14536423,20.33233297,20.53690074,20.76016069,21.00636159,21.27722775
18.28,18.29013566,18.29759577,18.30394983,18.30949477,18.31503971,18.32058465,18.32612959,18.33167453,18.33841072,18.34514691,18.35188309,18.35861928,18.36535546,18.37541417,18.38547288,18.39553159,18.4055903,18.415649,18.42888211,18.44317334,18.45852271,18.47493021,18.49239584,18.51363881,18.53684631,18.56201835,18.58915492,18.61825603,18.65332595,18.69169518,18.73336369,18.77833151,18.82659862,18.88437621,18.9475235,19.01604048,19.08992715,19.16918352,19.26054769,19.36095689,19.47102368,19.59136061,19.72258023,19.87005387,20.032231,20.21015681,20.40487646,20.61743511,20.85195126,21.11008473
18.26,18.26971254,18.27672662,18.28268542,18.28789507,18.29310472,18.29831438,18.30352403,18.30873368,18.31507561,18.32141754,18.32775947,18.3341014,18.34044334,18.34992166,18.35939998,18.36887831,18.37835663,18.38783495,18.4003124,18.41378957,18.42826644,18.44374302,18.46021931,18.48025671,18.50214761,18.52589201,18.55148993,18.57894135,18.61203123,18.64823628,18.68755648,18.72999185,18.77554237,18.83008681,18.889706,18.95439993,19.02416861,19.09901203,19.18534813,19.28025968,19.38433012,19.49814289,19.62228145,19.76185166,19.91538131,20.08386499,20.26829727,20.46967274,20.69197023,20.93678119
18.24,18.24925614,18.25580762,18.26136095,18.26622591,18.27109087,18.27595582,18.28082078,18.28568573,18.29162063,18.29755553,18.30349043,18.30942532,18.31536022,18.32423821,18.33311619,18.34199418,18.35087217,18.35975015,18.37144498,18.38407875,18.39765146,18.41216312,18.42761372,18.44640149,18.46692762,18.48919209,18.51319492,18.5389361,18.56997238,18.6039326,18.64081675,18.68062484,18.72335687,18.77454471,18.83050046,18.8912241,18.95671565,19.02697509,19.10808196,19.19727285,19.29510042,19.40211738,19.5188764,19.65020422,19.79471077,19.95333729,20.12702501,20.31671516,20.52623623,20.75710688
18.22,18.22876389,18.23483649,18.23997442,18.24448529,18.24899616,18.25350703,18.2580179,18.26252876,18.26804372,18.27355867,18.27907362,18.28458857,18.29010353,18.29836093,18.30661834,18.31487574,18.32313315,18.33139055,18.34227528,18.35403578,18.36667205,18.38018409,18.39457191,18.41206514,18.43117735,18.45190855,18.47425874,18.49822791,18.52713543,18.5587684,18.59312681,18.63021066,18.67001995,18.71772473,18.76987829,18.82648064,18.88753178,18.9530317,19.0287021,19.11194219,19.20327214,19.30321211,19.41228223,19.53501569,19.67010854,19.81844575,19.98091229,20.15839315,20.35455392,20.57083572
18.2,18.208233,18.21381086,18.21852374,18.22267115,18.22681856,18.23096597,18.23511338,18.23926079,18.24434275,18.24942471,18.25450667,18.25958863,18.26467058,18.27228686,18.27990313,18.28751941,18.29513568,18.30275196,18.31279861,18.32365539,18.33532229,18.34779932,18.36108648,18.37723933,18.3948875,18.41403099,18.43466979,18.45680392,18.48350587,18.51272732,18.54446825,18.57872867,18.61550858,18.6596006,18.70780966,18.76013574,18.81657885,18.87713899,18.94715918,19.02421077,19.10877951,19.2013511,19.30241129,19.41618439,19.54145677,19.67905404,19.82980179,19.99452563,20.17671376,20.37772432
18.18,18.18766044,18.19272831,18.19700681,18.2007814,18.204556,18.20833059,18.21210519,18.21587978,18.22051555,18.22515132,18.2297871,18.23442287,18.23905864,18.24601292,18.2529672,18.25992148,18.26687576,18.27383004,18.28301012,18.29293213,18.30359606,18.31500193,18.32714973,18.34191544,18.3580484,18.37554861,18.39441608,18.4146508,18.43906864,18.46579235,18.49482195,18.52615741,18.55979876,18.60014499,18.64426343,18.69215409,18.74381697,18.79925205,18.86340144,18.93401873,19.0115532,19.09645414,19.18917081,19.29360242,19.40863011,19.53501677,19.67352533,19.8249187,19.99249062,20.17751017
18.16,18.16704298,18.17158635,18.17542146,18.17881389,18.18220633,18.18559877,18.18899121,18.19238364,18.19655989,18.20073613,18.20491237,18.20908861,18.21326486,18.21953596,18.22580705,18.23207815,18.23834925,18.24462035,18.2529048,18.26186036,18.27148704,18.28178483,18.29275374,18.30608453,18.32065002,18.33645021,18.35348511,18.37175472,18.39380809,18.41794585,18.44416801,18.47247455,18.50286549,18.53932936,18.57920714,18.62249883,18.66920442,18.71932392,18.77737459,18.84130313,18.91152019,18.98843645,19.07246255,19.16715521,19.27149506,19.38617876,19.51190299,19.6493644,19.80164222,19.96990964
18.14,18.14637709,18.15038245,18.15376547,18.15676642,18.15976737,18.16276832,18.16576927,18.16877022,18.17247344,18.17617666,18.17987988,18.1835831,18.18728632,18.19285271,18.19841911,18.2039855,18.20955189,18.21511829,18.22247748,18.23043427,18.23898866,18.24814065,18.25789025,18.26973733,18.28268198,18.2967242,18.31186398,18.32810133,18.34770799,18.36916946,18.39248576,18.41765686,18.44468279,18.47712402,18.5126069,18.55113143,18.59269761,18.63730544,18.68902166,18.74599776,18.80860345,18.87720841,18.95218237,19.03672094,19.12990933,19.23237413,19.34474195,19.46763941,19.60390749,19.75461569
18.12,18.12565899,18.12911401,18.13203659,18.13463673,18.13723688,18.13983703,18.14243718,18.14503732,18.14825386,18.1514704,18.15468695,18.15790349,18.16112003,18.16595984,18.17079966,18.17563947,18.18047928,18.1853191,18.19172282,18.19864785,18.20609417,18.2140618,18.22255073,18.23286426,18.24413353,18.25635853,18.26953926,18.28367573,18.30075147,18.31944413,18.3397537,18.36168018,18.38522357,18.41349798,18.44442734,18.47801165,18.51425091,18.55314512,18.59828286,18.64803297,18.70272167,18.76267521,18.82821981,18.90217004,18.98372108,19.07342538,19.17183538,19.27950354,19.39900452,19.53129522
18.1,18.10488457,18.10777842,18.1102325,18.11242254,18.11461257,18.11680261,18.11899264,18.12118268,18.12389872,18.12661476,18.1293308,18.13204684,18.13476289,18.13885389,18.14294489,18.1470359,18.1511269,18.1552179,18.16063532,18.16649487,18.17279657,18.1795404,18.18672636,18.19545538,18.2049935,18.21534073,18.22649706,18.2384625,18.25292106,18.26875005,18.28594948,18.30451935,18.32445967,18.34841897,18.37463156,18.40309744,18.43381662,18.46678908,18.50509543,18.54733541,18.59378906,18.64473643,18.70045759,18.76336447,18.83276809,18.90914231,18.992961,19.08469801,19.18662832,19.29958602
18.08,18.08404942,18.08637301,18.08835086,18.09012148,18.0918921,18.09366273,18.09543335,18.09720397,18.09940552,18.10160707,18.10380862,18.10601017,18.10821172,18.11153131,18.1148509,18.11817048,18.12149007,18.12480966,18.1292093,18.13396895,18.13908861,18.14456829,18.15040799,18.15750037,18.16525033,18.17365785,18.18272295,18.19244562,18.20419857,18.21706665,18.23104988,18.24614824,18.26236175,18.28185333,18.30318103,18.32634486,18.3513448,18.37818086,18.40939344,18.44382782,18.48171493,18.52328572,18.56877114,18.62015709,18.67687683,18.73932082,18.80787956,18.88294354,18.96644829,19.05909329
18.06,18.06314875,18.06489512,18.06638926,18.06773117,18.06907308,18.07041499,18.0717569,18.07309882,18.0747717,18.07644459,18.07811748,18.07979037,18.08146325,18.08398844,18.08651362,18.08903881,18.091564,18.09408918,18.09743889,18.10106344,18.10496283,18.10913707,18.11358615,18.11898858,18.12489203,18.1312965,18.13820198,18.14560848,18.15456516,18.16437258,18.17503074,18.18653964,18.19889927,18.21376598,18.23003554,18.24770796,18.26678322,18.28726134,18.31110763,18.33742877,18.36640342,18.39821025,18.43302793,18.47239083,18.51586139,18.56374152,18.61633314,18.67393815,18.73810518,18.80938551
18.04,18.04217741,18.04334208,18.04434526,18.04524916,18.04615307,18.04705697,18.04796088,18.04886478,18.04999465,18.05112452,18.05225439,18.05338426,18.05451413,18.05622153,18.05792892,18.05963632,18.06134372,18.06305111,18.06531806,18.06777152,18.07041151,18.07323801,18.07625103,18.07990896,18.08390621,18.08824277,18.09291865,18.09793385,18.10400127,18.11064564,18.11786696,18.12566523,18.13404045,18.14412035,18.1551531,18.16713872,18.18007719,18.19396852,18.21016517,18.22805238,18.24775311,18.2693903,18.2930869,18.31989781,18.34952236,18.38216822,18.41804307,18.45735458,18.50120774,18.54998968
18.02,18.02112983,18.02171125,18.02221635,18.02267295,18.02312956,18.02358616,18.02404276,18.02449936,18.02507167,18.02564398,18.02621628,18.02678859,18.0273609,18.02822671,18.02909252,18.02995832,18.03082413,18.03168994,18.03284057,18.03408614,18.03542665,18.03686209,18.03839248,18.04025005,18.04227997,18.04448225,18.04685688,18.04940387,18.05248658,18.05586276,18.05953243,18.06349557,18.06775219,18.07287828,18.07848986,18.08458691,18.09116945,18.09823746,18.10648949,18.11560803,18.12565658,18.13669865,18.14879773,18.16249838,18.17764544,18.19434616,18.21270776,18.23283748,18.25532867,18.28038576
18,18,18,18,18,18,18,18,18,18,18,18,18,18,18,18,18,18,18,18,18,18,18,18,18,18,18,18,18,18,18,18,18,18,18,18,18,18,18,18,18,18,18,18,18,18,18,18,18,18,18
